<?xml version="1.0" encoding="UTF-8"?>
<!DOCTYPE mapper PUBLIC "-//mybatis.org//DTD Mapper 3.0//EN" "http://mybatis.org/dtd/mybatis-3-mapper.dtd">
<mapper namespace="com.xza.movie.mapper.UserMapper">
    <insert id="insertUser" parameterType="com.xza.movie.model.UserModel">
        insert into user
        (username,password)
        values
        (#{username},#{password})
    </insert>

    <select id="selectUserByUsername" parameterType="java.lang.String" resultType="com.xza.movie.model.UserModel">
        select * from user
        where
        username = #{username}
    </select>

    <select id="selectUserForLogin" parameterType="java.lang.String" resultType="com.xza.movie.model.UserModel">
        select * from user
        where
        username = #{username}
    </select>

    <resultMap id="all_user" type="com.xza.movie.model.UserModel">
        <id column="id" property="id" javaType="java.lang.Integer" jdbcType="INTEGER"></id>
        <result column="username" property="username" javaType="java.lang.String" jdbcType="VARCHAR"></result>
        <result column="password" property="password" javaType="java.lang.String" jdbcType="VARCHAR"></result>
    </resultMap>
    <select id="selectAllUsers" resultMap="all_user">
        select * from user
    </select>
</mapper>